23,daniel
21,meilong
20,meilong
20,meilong
19,meilong
18,julie
19,stan
19,
18,julie
18,julie
17,meilong
16,julie
16,meilong
16,meilong
16,daniel
16,meilong
15,meilong
15,julie
15,
15,meilong
15,meilong
15,meilong
15,daniel
14,
14,meilong
14,
14,daniel
13,meilong
13,daniel
13,meilong
13,daniel
12,
12,daniel
12,daniel
11,daniel
11,meilong
11,
11,meilong
11,daniel
11,daniel
10,meilong
10,meilong
10,
10,meilong
10,meilong
10,meilong
10,daniel
9,
9,stan
9,meilong
9,daniel
8,julie
8,daniel
8,daniel
8,daniel
8,daniel
8,daniel
7,meilong
7,meilong
7,meilong
7,
7,meilong
7,meilong
6,daniel
6,meilong
6,meilong
5,julie
4,daniel
3,daniel
2,
2,meilong
2,daniel
1,daniel
1,
1,meilong
0,meilong
0,meilong
0,meilong
0,meilong
0,meilong
0,meilong
0,meilong
0,meilong
0,
0,meilong
0,meilong
0,daniel
0,daniel
0,daniel
